seq,name/first,name/last,ID
1,Milton,Peters,1046239240
2,Derrick,Rivera,8012704100
3,Rosetta,Allison,2362110493
4,Florence,Glover,0236073200
5,Anne,Cohen,2389663680
6,Pauline,Glover,2222552680
7,Myra,Robbins,9510779859
8,Lydia,Chavez,6029779209
9,Alta,King,2833763187
10,Stephen,Flowers,5783069198
11,Dollie,Payne,2199221923
12,Herbert,Oliver,7689827587
13,Rhoda,Caldwell,6055380063
14,Howard,Pittman,7987386036
15,Terry,Thomas,2191831954
16,Margaret,Nichols,2426147715
17,Joel,Warner,5844248832
18,Roxie,Hubbard,1829304356
19,Gerald,Mack,9867104191
20,Betty,Simon,0662338016
21,Cornelia,Russell,6134667002
22,Cora,Klein,3014601862
23,Gary,Patton,3606817636
24,Mike,Burton,9267400746
25,Willie,Miles,3901607282
26,Earl,Bowman,7561293716
27,Olivia,Clarke,2725387890
28,Lettie,Gregory,7822708937
29,Laura,Schneider,8898174214
30,Bertie,Austin,3572739815
31,Lester,Johnson,8168128362
32,Ricky,Barber,9093455599
33,Dorothy,Doyle,5540388945
34,Gordon,Ward,6471181902
35,Ian,Roberson,1235238652
36,Barbara,Rogers,2297003503
37,Olivia,Nguyen,2492122942
38,Celia,Leonard,4740745857
39,Clara,Parks,1316518938
40,Charles,Murphy,9237645242
41,Fred,Figueroa,5556013670
42,Dale,Blair,8091673397
43,Francisco,Farmer,9656408890
44,Henry,Reynolds,5187757622
45,Mattie,Pena,2685579666
46,Pearl,Lawrence,3909507500
47,Mathilda,Beck,9397989287
48,Alejandro,Hines,0872395995
49,Carrie,Horton,7851171494
50,Marguerite,Anderson,2586048805
51,Mason,Copeland,9203022873
52,Larry,Maxwell,4086505502
53,Nannie,Clarke,6517035958
54,Edna,Phelps,6559031837
55,Steve,Murray,8534545165
56,Lillian,Gill,2538375601
57,Celia,Nunez,9543529539
58,Dustin,Clark,1203256691
59,Johanna,Adkins,0389430186
60,Edgar,Obrien,3522809450
61,Verna,Harrison,1191813094
62,Adele,Lane,2830808761
63,Nannie,Francis,9153081229
64,Albert,Erickson,5592091455
65,Gordon,Pittman,2574371978
66,Shawn,Gilbert,3213599478
67,Alberta,Johnson,0232927928
68,Vera,Blair,7312016525
69,Nancy,McGee,9668133688
70,Eleanor,Meyer,2091994413
71,Trevor,Todd,9878728288
72,Nannie,Cooper,8258217959
73,Ina,Beck,9494067830
74,Jeff,Hoffman,1573101233
75,Florence,Reeves,0068068187
76,Stanley,Peterson,7756689357
77,Blanche,Morrison,0556954682
78,Owen,Murray,2347904391
79,Marguerite,Taylor,2597735069
80,Jeanette,Vega,2827318385
81,Ronnie,Duncan,7983353092
82,Susan,Gill,8612312206
83,Johnny,McLaughlin,4614069619
84,Fred,McCarthy,4393828008
85,Amanda,Knight,7782953161
86,Augusta,Lindsey,3634690981
87,Clifford,Kelly,9064656125
88,Steven,Harrison,7057500113
89,Bobby,Morgan,7851504466
90,Nelle,Carr,4629527309
91,Alvin,Ramirez,5396058478
92,Louise,Barker,3163164046
93,Adelaide,Valdez,8246021794
94,Edna,Walters,7580992312
95,Cameron,Dean,1879129269
96,Violet,Hodges,5412869230
97,George,Smith,8154669559
98,Dean,Spencer,8329001560
99,Aiden,Fleming,3408236256
100,Mary,Curry,5975136560
